{
  "acc_mean": 73.51000000000002,
  "acc_std": 0.0,
  "avg_final_acc": [
    73.51000000000002
  ],
  "bwt_mean": -1.6999999999999982,
  "bwt_std": 0.0,
  "command": "/home/moshiling/Adam-NSCL-C-Flat/Adam-NSCL-main/main.py --schedule 30 60 80 --reg_coef 100 --model_lr 1e-4 --head_lr 1e-3 --svd_lr 5e-5 --bn_lr 5e-4 --svd_thres 10 --model_weight_decay 5e-5 --agent_type svd_based --agent_name svd_based --dataset CIFAR100 --gpuid 0 --model_optimizer Adam --force_out_dim 0 --first_split_size 10 --other_split_size 10 --batch_size 32 --model_name resnet18 --model_type resnet --workers 0 --print_freq 10 --use_pls_cflat --pls_cflat_mode layer_selective --cflat_rho 0.02 --pls_cflat_debug --repeat 1 --seed 0 --cflat_target_scope deep --deep_layer_rule last_block --cflat_lambda 0 --output_dir /home/moshiling/Adam-NSCL-C-Flat/outputs/selective_g0_smalllambda_round/stage1_seed0/deep_last_block_lambda0",
  "final_bwt": [
    -1.6999999999999982
  ],
  "repeat_metrics": [
    {
      "acc_table": {
        "1": {
          "1": 88.5,
          "10": 87.1,
          "2": 86.0,
          "3": 86.2,
          "4": 85.0,
          "5": 87.1,
          "6": 87.5,
          "7": 86.4,
          "8": 86.1,
          "9": 86.6
        },
        "10": {
          "10": 79.1
        },
        "2": {
          "10": 69.2,
          "2": 70.1,
          "3": 65.6,
          "4": 68.2,
          "5": 69.8,
          "6": 69.3,
          "7": 67.2,
          "8": 67.5,
          "9": 69.9
        },
        "3": {
          "10": 71.7,
          "3": 74.0,
          "4": 66.9,
          "5": 69.9,
          "6": 67.9,
          "7": 66.3,
          "8": 68.4,
          "9": 69.6
        },
        "4": {
          "10": 68.9,
          "4": 71.3,
          "5": 70.4,
          "6": 68.6,
          "7": 69.7,
          "8": 71.0,
          "9": 64.7
        },
        "5": {
          "10": 72.8,
          "5": 75.6,
          "6": 71.0,
          "7": 72.8,
          "8": 74.7,
          "9": 74.4
        },
        "6": {
          "10": 73.3,
          "6": 74.3,
          "7": 71.1,
          "8": 71.5,
          "9": 71.5
        },
        "7": {
          "10": 71.2,
          "7": 72.6,
          "8": 71.8,
          "9": 65.1
        },
        "8": {
          "10": 72.6,
          "8": 73.7,
          "9": 69.6
        },
        "9": {
          "10": 69.2,
          "9": 71.2
        }
      },
      "avg_acc_history": [
        88.5,
        78.05,
        75.26666666666667,
        72.85,
        74.55999999999999,
        73.10000000000001,
        72.3,
        73.0875,
        71.40000000000002,
        73.51000000000002
      ],
      "bwt_history": [
        0,
        -2.5,
        -3.3999999999999986,
        -4.166666666666662,
        -1.6749999999999972,
        -3.039999999999998,
        -3.3833333333333306,
        -2.1999999999999966,
        -3.5874999999999986,
        -1.6999999999999982
      ],
      "final_avg_acc": 73.51000000000002,
      "final_bwt": -1.6999999999999982,
      "repeat_index": 0,
      "repeat_seed": 0,
      "task_names": [
        "1",
        "2",
        "3",
        "4",
        "5",
        "6",
        "7",
        "8",
        "9",
        "10"
      ],
      "wall_clock_seconds": 12719.723151922226
    }
  ],
  "seed": 0,
  "use_cflat": false
}