{
  "best_config": null,
  "generated_at": "2026-03-25T12:50:46+08:00",
  "ranking": [],
  "references": {
    "baseline_full_3seed": {
      "acc_mean": 73.19666666666666,
      "acc_std": 0.19770910168449474,
      "bwt_mean": -1.3111111111111091,
      "bwt_std": 0.3532331560760405,
      "path": "/home/moshiling/Adam-NSCL-C-Flat/outputs/full_v1_scope_v2/group_a_v1_3seed/baseline_repeat3/final_metrics.json",
      "protocol_note": "full-protocol reference",
      "repeat_metrics": [
        {
          "acc_table": {
            "1": {
              "1": 88.6,
              "10": 87.9,
              "2": 86.6,
              "3": 87.9,
              "4": 86.7,
              "5": 87.2,
              "6": 88.1,
              "7": 87.9,
              "8": 86.9,
              "9": 86.4
            },
            "10": {
              "10": 79.9
            },
            "2": {
              "10": 70.3,
              "2": 71.0,
              "3": 66.5,
              "4": 69.3,
              "5": 70.2,
              "6": 69.1,
              "7": 66.3,
              "8": 66.4,
              "9": 69.6
            },
            "3": {
              "10": 71.2,
              "3": 72.0,
              "4": 67.2,
              "5": 68.6,
              "6": 66.4,
              "7": 65.8,
              "8": 66.9,
              "9": 68.0
            },
            "4": {
              "10": 68.9,
              "4": 70.9,
              "5": 70.1,
              "6": 70.2,
              "7": 68.5,
              "8": 70.2,
              "9": 64.2
            },
            "5": {
              "10": 72.7,
              "5": 76.0,
              "6": 72.3,
              "7": 72.9,
              "8": 73.4,
              "9": 72.3
            },
            "6": {
              "10": 72.9,
              "6": 73.5,
              "7": 70.6,
              "8": 69.8,
              "9": 71.8
            },
            "7": {
              "10": 70.7,
              "7": 72.1,
              "8": 72.0,
              "9": 65.7
            },
            "8": {
              "10": 71.4,
              "8": 71.7,
              "9": 69.0
            },
            "9": {
              "10": 67.8,
              "9": 72.8
            }
          },
          "avg_acc_history": [
            88.6,
            78.8,
            75.46666666666667,
            73.525,
            74.42,
            73.26666666666667,
            72.01428571428572,
            72.16250000000001,
            71.08888888888889,
            73.36999999999999
          ],
          "bwt_history": [
            0,
            -2.0,
            -2.5999999999999943,
            -2.799999999999997,
            -1.6000000000000014,
            -2.4800000000000013,
            -3.3333333333333335,
            -2.642857142857139,
            -3.5999999999999996,
            -1.644444444444441
          ],
          "final_avg_acc": 73.36999999999999,
          "final_bwt": -1.644444444444441,
          "repeat_index": 0,
          "repeat_seed": 0,
          "task_names": [
            "1",
            "2",
            "3",
            "4",
            "5",
            "6",
            "7",
            "8",
            "9",
            "10"
          ],
          "wall_clock_seconds": 8396.371258735657
        },
        {
          "acc_table": {
            "1": {
              "1": 88.0,
              "10": 85.9,
              "2": 85.7,
              "3": 86.5,
              "4": 84.8,
              "5": 85.5,
              "6": 87.5,
              "7": 86.0,
              "8": 86.2,
              "9": 85.7
            },
            "10": {
              "10": 77.4
            },
            "2": {
              "10": 68.4,
              "2": 70.1,
              "3": 67.4,
              "4": 69.2,
              "5": 69.9,
              "6": 69.8,
              "7": 65.7,
              "8": 66.2,
              "9": 70.8
            },
            "3": {
              "10": 68.8,
              "3": 70.1,
              "4": 62.8,
              "5": 67.3,
              "6": 66.0,
              "7": 62.8,
              "8": 65.9,
              "9": 66.9
            },
            "4": {
              "10": 71.7,
              "4": 71.0,
              "5": 70.7,
              "6": 67.8,
              "7": 70.4,
              "8": 69.5,
              "9": 64.8
            },
            "5": {
              "10": 75.2,
              "5": 74.9,
              "6": 72.4,
              "7": 72.1,
              "8": 73.7,
              "9": 71.8
            },
            "6": {
              "10": 72.0,
              "6": 72.9,
              "7": 69.9,
              "8": 69.5,
              "9": 71.7
            },
            "7": {
              "10": 71.7,
              "7": 71.3,
              "8": 71.3,
              "9": 65.4
            },
            "8": {
              "10": 72.8,
              "8": 71.6,
              "9": 69.9
            },
            "9": {
              "10": 69.1,
              "9": 73.1
            }
          },
          "avg_acc_history": [
            88.0,
            77.9,
            74.66666666666667,
            71.95,
            73.66,
            72.73333333333333,
            71.17142857142856,
            71.7375,
            71.12222222222222,
            73.3
          ],
          "bwt_history": [
            0,
            -2.299999999999997,
            -2.0999999999999943,
            -3.799999999999997,
            -1.4499999999999957,
            -2.1199999999999988,
            -3.349999999999999,
            -2.285714285714284,
            -2.862499999999997,
            -0.8222222222222197
          ],
          "final_avg_acc": 73.3,
          "final_bwt": -0.8222222222222197,
          "repeat_index": 1,
          "repeat_seed": 1,
          "task_names": [
            "1",
            "2",
            "3",
            "4",
            "5",
            "6",
            "7",
            "8",
            "9",
            "10"
          ],
          "wall_clock_seconds": 7375.7522048950195
        },
        {
          "acc_table": {
            "1": {
              "1": 88.4,
              "10": 87.4,
              "2": 87.7,
              "3": 87.1,
              "4": 85.7,
              "5": 88.7,
              "6": 88.6,
              "7": 86.9,
              "8": 85.4,
              "9": 87.5
            },
            "10": {
              "10": 78.5
            },
            "2": {
              "10": 69.3,
              "2": 69.2,
              "3": 66.2,
              "4": 68.9,
              "5": 68.0,
              "6": 67.9,
              "7": 65.6,
              "8": 64.7,
              "9": 69.2
            },
            "3": {
              "10": 69.9,
              "3": 71.7,
              "4": 65.5,
              "5": 68.9,
              "6": 68.0,
              "7": 67.3,
              "8": 66.9,
              "9": 69.2
            },
            "4": {
              "10": 70.3,
              "4": 71.3,
              "5": 69.0,
              "6": 69.5,
              "7": 69.0,
              "8": 68.9,
              "9": 67.9
            },
            "5": {
              "10": 73.2,
              "5": 74.3,
              "6": 72.8,
              "7": 71.6,
              "8": 71.0,
              "9": 72.0
            },
            "6": {
              "10": 71.1,
              "6": 72.3,
              "7": 68.5,
              "8": 68.6,
              "9": 72.3
            },
            "7": {
              "10": 71.1,
              "7": 72.1,
              "8": 71.4,
              "9": 66.2
            },
            "8": {
              "10": 70.3,
              "8": 72.3,
              "9": 66.7
            },
            "9": {
              "10": 68.1,
              "9": 72.3
            }
          },