{
  "acc_mean": 72.15666666666667,
  "acc_std": 0.18116904322268512,
  "avg_final_acc": [
    72.34,
    71.91,
    72.22
  ],
  "bwt_mean": -1.8888888888888886,
  "bwt_std": 0.3100511042437978,
  "command": "/home/moshiling/Adam-NSCL-C-Flat/Adam-NSCL-main/main.py --schedule 30 60 80 --reg_coef 100 --model_lr 1e-4 --head_lr 1e-3 --svd_lr 5e-5 --bn_lr 5e-4 --svd_thres 10 --model_weight_decay 5e-5 --agent_type svd_based --agent_name svd_based --dataset CIFAR100 --gpuid 0 --repeat 3 --seed 0 --model_optimizer Adam --force_out_dim 0 --first_split_size 10 --other_split_size 10 --batch_size 32 --model_name resnet18 --model_type resnet --workers 0 --print_freq 10 --use_pls_cflat --pls_cflat_mode layer_selective --cflat_target_scope deep_plus_classifier --deep_layer_rule last_stage --cflat_rho 0.02 --cflat_lambda 0.02 --pls_cflat_debug --output_dir /home/moshiling/Adam-NSCL-C-Flat/outputs/full_v1_scope_v2/group_a_v1_3seed/v1_repeat3",
  "final_bwt": [
    -2.2888888888888896,
    -1.5333333333333345,
    -1.8444444444444423
  ],
  "repeat_metrics": [
    {
      "acc_table": {
        "1": {
          "1": 88.6,
          "10": 86.6,
          "2": 84.7,
          "3": 84.9,
          "4": 83.2,
          "5": 86.1,
          "6": 85.3,
          "7": 85.6,
          "8": 86.0,
          "9": 84.4
        },
        "10": {
          "10": 78.7
        },
        "2": {
          "10": 71.1,
          "2": 73.1,
          "3": 70.6,
          "4": 70.6,
          "5": 71.8,
          "6": 70.7,
          "7": 68.2,
          "8": 68.6,
          "9": 71.2
        },
        "3": {
          "10": 69.3,
          "3": 72.6,
          "4": 66.4,
          "5": 68.6,
          "6": 66.2,
          "7": 65.8,
          "8": 66.9,
          "9": 67.2
        },
        "4": {
          "10": 67.7,
          "4": 69.4,
          "5": 68.1,
          "6": 66.9,
          "7": 67.5,
          "8": 68.9,
          "9": 62.6
        },
        "5": {
          "10": 71.1,
          "5": 74.5,
          "6": 71.8,
          "7": 71.2,
          "8": 71.4,
          "9": 71.5
        },
        "6": {
          "10": 70.9,
          "6": 72.1,
          "7": 69.3,
          "8": 68.0,
          "9": 70.9
        },
        "7": {
          "10": 70.8,
          "7": 72.4,
          "8": 72.2,
          "9": 66.3
        },
        "8": {
          "10": 70.0,
          "8": 70.9,
          "9": 68.1
        },
        "9": {
          "10": 67.2,
          "9": 71.7
        }
      },
      "avg_acc_history": [
        88.6,
        78.9,
        76.03333333333333,
        72.4,
        73.82,
        72.16666666666667,
        71.42857142857143,
        71.6125,
        70.43333333333334,
        72.34
      ],
      "bwt_history": [
        0,
        -3.8999999999999915,
        -3.0999999999999943,
        -4.699999999999993,
        -2.275000000000002,
        -3.4599999999999964,
        -3.7833333333333314,
        -2.9571428571428533,
        -3.924999999999998,
        -2.2888888888888896
      ],
      "final_avg_acc": 72.34,
      "final_bwt": -2.2888888888888896,
      "repeat_index": 0,
      "repeat_seed": 0,
      "task_names": [
        "1",
        "2",
        "3",
        "4",
        "5",
        "6",
        "7",
        "8",
        "9",
        "10"
      ],
      "wall_clock_seconds": 21592.273275852203
    },
    {
      "acc_table": {
        "1": {
          "1": 88.0,
          "10": 85.5,
          "2": 84.2,
          "3": 87.4,
          "4": 84.0,
          "5": 85.1,
          "6": 86.5,
          "7": 84.7,
          "8": 85.5,
          "9": 84.6
        },
        "10": {
          "10": 77.4
        },
        "2": {
          "10": 68.2,
          "2": 69.7,
          "3": 66.8,
          "4": 68.5,
          "5": 69.3,
          "6": 68.0,
          "7": 67.8,
          "8": 65.6,
          "9": 70.1
        },
        "3": {
          "10": 66.3,
          "3": 69.5,
          "4": 60.9,
          "5": 63.9,
          "6": 64.6,
          "7": 61.0,
          "8": 64.5,
          "9": 64.2
        },
        "4": {
          "10": 68.7,
          "4": 69.8,
          "5": 68.2,
          "6": 65.8,
          "7": 69.0,
          "8": 69.7,
          "9": 62.4
        },
        "5": {
          "10": 72.8,
          "5": 73.9,
          "6": 70.1,
          "7": 71.3,
          "8": 72.8,
          "9": 71.0
        },
        "6": {
          "10": 70.0,
          "6": 71.5,
          "7": 68.2,
          "8": 68.9,
          "9": 70.9
        },
        "7": {
          "10": 70.1,
          "7": 69.9,
          "8": 70.8,
          "9": 65.0
        },
        "8": {
          "10": 70.7,
          "8": 69.8,
          "9": 66.9
        },
        "9": {
          "10": 69.4,
          "9": 73.4
        }
      },
      "avg_acc_history": [
        88.0,
        76.95,
        74.56666666666666,
        70.8,
        72.08,
        71.08333333333333,
        70.27142857142857,
        70.95,
        69.83333333333331,
        71.91
      ],
      "bwt_history": [
        0,
        -3.799999999999997,
        -1.75,
        -4.600000000000001,
        -2.6250000000000018,
        -3.180000000000004,
        -3.400000000000001,
        -2.0714285714285734,
        -3.375000000000001,
        -1.5333333333333345
      ],
      "final_avg_acc": 71.91,
      "final_bwt": -1.5333333333333345,
      "repeat_index": 1,
      "repeat_seed": 1,
      "task_names": [
        "1",
        "2",
        "3",
        "4",
        "5",
        "6",
        "7",
        "8",
        "9",
        "10"
      ],
      "wall_clock_seconds": 22380.728605747223
    },
    {
      "acc_table": {
        "1": {
          "1": 88.3,
          "10": 86.6,
          "2": 86.2,
          "3": 87.3,
          "4": 85.6,
          "5": 87.8,
          "6": 87.2,
          "7": 87.5,
          "8": 85.5,
          "9": 85.9
        },
        "10": {
          "10": 77.2
        },
        "2": {
          "10": 69.1,
          "2": 70.6,
          "3": 67.3,
          "4": 68.7,
          "5": 69.8,
          "6": 68.4,
          "7": 65.4,
          "8": 64.8,
          "9": 68.8
        },
        "3": {
          "10": 69.9,
          "3": 72.2,
          "4": 65.1,
          "5": 70.0,
          "6": 69.0,
          "7": 65.9,
          "8": 65.8,
          "9": 70.8
        },
        "4": {
          "10": 69.2,
          "4": 68.6,
          "5": 68.7,
          "6": 68.6,
          "7": 68.6,
          "8": 68.4,
          "9": 63.9
        },
        "5": {
          "10": 73.6,
          "5": 74.5,
          "6": 73.2,
          "7": 71.7,
          "8": 70.7,
          "9": 72.0
        },
        "6": {
          "10": 69.5,
          "6": 70.2,
          "7": 67.3,
          "8": 67.1,
          "9": 70.8
        },
        "7": {
          "10": 69.3,
          "7": 72.8,
          "8": 71.7,
          "9": 63.8
        },
        "8": {
          "10": 69.4,
          "8": 71.3,
          "9": 65.9
        },
        "9": {
          "10": 68.4,
          "9": 73.1
        }
      },
      "avg_acc_history": [
        88.3,
        78.4,
        75.60000000000001,
        72.0,
        74.16,
        72.76666666666667,
        71.31428571428572,
        70.6625,
        70.55555555555556,
        72.22
      ],
      "bwt_history": [
        0,
        -2.0999999999999943,
        -2.1499999999999986,
        -3.900000000000001,
        -0.8499999999999979,
        -1.5599999999999965,
        -2.999999999999998,
        -3.3142857142857127,
        -3.3249999999999984,
        -1.8444444444444423
      ],
      "final_avg_acc": 72.22,
      "final_bwt": -1.8444444444444423,
      "repeat_index": 2,
      "repeat_seed": 2,
      "task_names": [
        "1",
        "2",
        "3",
        "4",
        "5",
        "6",
        "7",
        "8",
        "9",
        "10"
      ],
      "wall_clock_seconds": 22809.87222290039
    }
  ],